Hospital Description,Item Code,Item Name,
Sharjah - Medcare Medical Centre,1-A-BY40-EY-DB45-AA23-X-00001,sodium fusidate - Fucidin 2 % Ointment [Tube(30 g)],
Sharjah - Medcare Medical Centre,1-A-BL44-HC-GK46-AA35-X-00001,lidocaine - Xylocaine 10 % Pump Spray [Bottle(50 ml)],
Sharjah - Medcare Medical Centre,1-A-BS30-HK-CT46-BD31-X-00001,"paracetamol - Adol 250 mg Rectal suppositories [Box(10 suppository, rectal)]",
Sharjah - Medcare Medical Centre,1-A-BS30-HK-CT46-AP24-X-00001,"paracetamol - Adol 125 mg Rectal Suppositories [Box(10 suppository, rectal)]",
Sharjah - Medcare Medical Centre,1-A-AY31-HK-DZ21-AO32-X-00001,"diclofenac sodium - Voltaren 12.5 mg Suppositories [Box(10 suppository, rectal)]",
Sharjah - Medcare Medical Centre,1-A-AY31-HK-DZ21-BE05-X-00001,"diclofenac sodium - Voltaren 25 mg Suppositories [Blister Pack(10 suppository, rectal)]",
Sharjah - Medcare Medical Centre,1-A-AR65-DF-CT46-AM61-X-00001,chlorphenamine maleate - Chlorohistol 10 mg/1 mL Injection Ampoule [5 Ampoule(1 ml)],
Sharjah - Medcare Medical Centre,1-A-BE55-BO-DB45-CU81-X-00002,fusidic acid/betamethasone valerate - Fucicort 2 %-0.1 % Cream [Tube(30 g)],
Sharjah - Medcare Medical Centre,1-A-DP58-XX-CT46-AA13-X-00002,beta-sitosterol - Mebo 0.25 % Ointment [Tube(30 g)],
Sharjah - Medcare Medical Centre,1-A-AY31-DF-AB84-CX29-X-00001,diclofenac sodium/lidocaine HCl - Olfen 75 mg-20 mg/2 mL Intramuscular Injection Ampoules [5 Ampoule(2 ml)],.
Sharjah - Medcare Medical Centre,1-A-CG20-DF-GQ61-BN55-X-00001,methylprednisolone acetate - Depo-Medrol 40 mg/1 mL Injection Vial [Vial(1 ml)],
Sharjah - Medcare Medical Centre,1-A-AW53-DF-CR53-CD55-X-00001,Dexamethasone Sodium Phosphate 8 mg/2 mL Injection Ampoules [100 Ampoule(2 ml)],.
Sharjah - Medcare Medical Centre,1-A-BG35-BO-BK17-AA14-X-00001,heparinoids - Hirudoid 0.3 % Cream [Tube(40 g)],
Sharjah - Medcare Medical Centre,1-C-BK2-DC8-XX09-XX09-00135,ALCOHOL PREP PADS 200PC/PACK,
Sharjah - Medcare Medical Centre,1-C-BJ3-CH5-JL49-XX09-00012,SUCTION CATHETER WITH IDEAL TIP 6FR #190 0651 1 BICAKCILAR/ROMSON,
Sharjah - Medcare Medical Centre,1-C-BK3-DF3-XX09-XX09-00015,RYLES TUBE 12 FR,
Sharjah - Medcare Medical Centre,1-C-BK3-DF3-XX09-XX09-00016,RYLES TUBE 14 FR,
Sharjah - Medcare Medical Centre,1-C-BK3-DF3-XX09-XX09-00017,RYLES TUBE 16 FR,
Sharjah - Medcare Medical Centre,1-C-BK3-DF3-XX09-XX09-00021,RYLES TUBE 8 FR,
Sharjah - Medcare Medical Centre,1-C-BJ2-XX-XX09-XX09-00007,DISPOSABLE CANNULA L013 25G 50MM 50/PK,
Sharjah - Medcare Medical Centre,1-C-BJ8-CW2-FH05-XX09-00001,"SHOE COVER (100/PKT), SMD",
Sharjah - Medcare Medical Centre,1-C-BI3-AS6-BA25-XX09-00001,TONGUE DEPRESSOR WOODEN STERILE #TD-S 6 BROMED,
Sharjah - Medcare Medical Centre,1-C-BK1-DB1-XX09-XX09-00001,UNIVERSAL SANITISING WIPES ST TISSUE 200 WIPES/ PACK CLINELL,.
Sharjah - Medcare Medical Centre,1-C-CB8-XX-XX09-XX09-00517,SPECIMEN COLLECTION TRANSPORT BAG-BIOHAZARD,
Sharjah - Medcare Medical Centre,1-C-AM2-CT3-XX09-XX09-00004,URINE CON.24HRS 2500ML TANK IN PE(APT 12731),
Sharjah - Medcare Medical Centre,1-G-BU6-XX-XX09-XX09-00003,STERILE SWAB COTTON TIPPED W/OUT MEDIA RED (400PCS/BOX) 2150/SG,
Sharjah - Medcare Medical Centre,1-C-BJ8-CT7-XX09-XX09-00010,MICROSCOPE SLIDE CLEAR GLASS CHINA # 7101,
Sharjah - Medcare Medical Centre,1-I-W-A1JK-XX09-XX09-00003,ORAL GLUCOSE BOTTLES 75G AZER SCIENTIFIC/ AEROMED,
Sharjah - Medcare Medical Centre,1-F-AL2-AB6-XX09-XX09-00003,URINE DIP STRIP 10 PARAMETERSDEKAPHAN LEUJO /100 (L10007386),
Sharjah - Medcare Medical Centre,1-G-BU6-XX-XX09-XX09-00002,STERILE SWAB WITH MEDIA BLUE (150/BOX ) REF: 301/SG,
Sharjah - Medcare Medical Centre,1-C-AM2-CT3-XX09-XX09-00006,URINE CONTAINER 60 ML MDIC,
Sharjah - Medcare Medical Centre,1-G-AB7-XX-AB32-XX09-00129,STREP A 20 TEST/KIT IST-502 ABONE / IBS,
Sharjah - Medcare Medical Centre,1-C-BI2-XX-AS54-XX09-00145,VACUTAINER MINI COLLECT EDTA 50/PKT 365975 BD,
Sharjah - Medcare Medical Centre,1-G-AC5-XX-XX09-XX09-00004,ACETIC ACID 5% 500ML,
Sharjah - Medcare Medical Centre,1-G-BT8-EU5-JW19-XX09-00002,"FORMALIN PREFILLED NBF 10% 20ML # NB0507P (64/PKT), STALAB",
Sharjah - Medcare Medical Centre,1-B-AA1-AA1-AA01-XX09-02768,"FORMALIN PREFILLED NBF 10% 60ML # NB0230, STATLAB",
Sharjah - Medcare Medical Centre,1-C-BI2-XX-CG34-XX09-00142,"VACUETTE 9NC COUGALATION 2.3% CITRATE BLUE 2ML # 454321, GREINER BIO-ONE",
Sharjah - Medcare Medical Centre,1-C-BI2-XX-CG34-XX09-00143,"VACUETTE FX 2ML NAF/ OX GREY # 454061, GREINER BIO-ONE - AUSTRIA",
Sharjah - Medcare Medical Centre,1-C-BI2-XX-CG34-XX09-00144,VACUETTE K2E K2EDTA 3ML # 454020 GREINER BIO-ONE - AUSTRIA,
Sharjah - Medcare Medical Centre,1-C-BI2-XX-CG34-XX09-00146,"VACUETTE Z SERUM 5ML SEP WITH GEL # 456071, GREINER BIO-ONE - AUSTRIA",
Sharjah - Medcare Medical Centre,1-C-BJ3-CE8-CL48-XX09-00002,IV CANNULA 18 G CATHY 100/BOX HMD,
Sharjah - Medcare Medical Centre,1-C-BJ3-CE8-CL48-XX09-00004,IV CANNULA 22 G CATHY 100/BOX HMD,
Sharjah - Medcare Medical Centre,1-C-AJ2-XX-BA25-XX09-00001,IV INFUSION SET VENTED LUERLOCK 20DROPS/ML 21G X 1.5 #IVIN-20 BROMED 50/BOX,
Sharjah - Medcare Medical Centre,1-C-AQ2-XX-XX09-XX09-00065,NEEDLE 18G X 1 1/2 HMD/47-18-1.5-14A SMD,
Sharjah - Medcare Medical Centre,1-C-AQ2-XX-XX09-XX09-00070,NEEDLE 21G X 1 1/2 HMD / 47-21-1.5-14A SMD,
Sharjah - Medcare Medical Centre,1-C-AQ2-XX-XX09-XX09-00071,NEEDLE 22G X 1 1/2 HMD / 47-22-1.5-14A SMD,
Sharjah - Medcare Medical Centre,1-C-AQ2-XX-XX09-XX09-00072,NEEDLE 23G X 1 1/4 HMD / 47-23-1.25-14A SMD,
Sharjah - Medcare Medical Centre,1-C-AQ2-XX-XX09-XX09-00073,NEEDLE 24G X 1 1/4 HMD,
Sharjah - Medcare Medical Centre,1-C-AQ2-XX-XX09-XX09-00075,NEEDLE 25G X 1 HMD / 47-25-1-14A SMD,
Sharjah - Medcare Medical Centre,1-C-BG2-DM6-XX09-XX09-00040,SYRINGE 2 ML HMD UNOLOK (100/BOX),
Sharjah - Medcare Medical Centre,1-C-BI5-BK5-AA15-XX09-00010,MEDIPORE + PAD #3566E 10X10CM 3M 25PCS/PACK ADHESIVE WOUND DRESSING,
Sharjah - Medcare Medical Centre,1-C-BI6-BM1-AA15-XX09-00001,MICROPORE 1 IN X 10 YD #1530-1 3M (12ROLLS/BOX),
Sharjah - Medcare Medical Centre,1-C-BI5-BK5-AA15-XX09-00008,MEDIPORE + PAD #3562E 5X7.2CM 3M 50PCS/PACK ADHESIVE WOUND DRESSING,
Sharjah - Medcare Medical Centre,1-C-BI5-BK5-AA15-XX09-00009,MEDIPORE + PAD #3564E 6X10CM 3M 50PCS/PACK ADHESIVE WOUND DRESSING,
Sharjah - Medcare Medical Centre,1-C-BJ8-CU1-EG36-XX09-00001,ECLIPSE PROBE COVER WITH PRE-GELLED #38-01 PARKER LAB USA,
Sharjah - Medcare Medical Centre,1-C-BG2-DM6-XX09-XX09-00030,SYRINGE 1 ML INSULIN UNOLOK 100/BOX,
Sharjah - Medcare Medical Centre,1-C-AZ4-XX-DD62-XX09-00001,PLAIN STOCKINETTE 10CM X 20M #1073 UNI - NETTE MFR :LONDON HEALTHCARE LTD,
Sharjah - Medcare Medical Centre,1-C-BI5-BJ7-DD62-XX09-00003,CREPE BANDAGE 5CM X 4.5M-UNICREPE #1156 LONDON HEALTHCARE LTD/PEHA-CREPP,
Sharjah - Medcare Medical Centre,1-C-BI5-BJ7-DD62-XX09-00004,CREPE BANDAGE 7.5CM X 4.5M-UNICREPE #1157 LONDON HEALTHCARE LTD/PEHA-CREPP,
Sharjah - Medcare Medical Centre,1-C-BI5-BJ7-DD62-XX09-00002,CREPE BANDAGE 15CM X 4.5M-UNICREPE #1159 LONDON HEALTHCARE LTD/PEHA-CREPP,
Sharjah - Medcare Medical Centre,1-H-BI8-DQ7-BA25-XX09-00005,GLOVES SURGICAL BROMED / SENSIFLEX 6.5 P. FREE 50PCS/BOX,
Sharjah - Medcare Medical Centre,1-H-BI8-DQ7-BA25-XX09-00006,GLOVES SURGICAL BROMED / SENSIFLEX 7.0 P. FREE 50PCS/BOX,
Sharjah - Medcare Medical Centre,1-C-BJ3-CE8-CL48-XX09-00001,IV CANNULA 16 G CATHY 100/BOX HMD,
Sharjah - Medcare Medical Centre,1-C-BM2-XX-XX09-XX09-00475,URINE COLLECT PEDIACTRIC,
Sharjah - Medcare Medical Centre,1-C-AE8-BL2-BA25-XX09-00003,GAUZE SPONGE 3X3 8 PLY STERILE 50POUCHES/PK #ST3308 BROMED,
Sharjah - Medcare Medical Centre,1-C-AE8-BL2-XX09-XX09-00003,GAUZE SPONGE 4X4 8 PLY STERILE 50POUCHES/PK,
Sharjah - Medcare Medical Centre,1-C-BK3-DF3-XX09-XX09-00014,RYLES TUBE 10FG,
Sharjah - Medcare Medical Centre,1-C-BJ3-CH5-JL49-XX09-00013,SUCTION CATHETER WITH IDEAL TIP 8FR BICAKCILAR/ROMSON,
Sharjah - Medcare Medical Centre,1-C-BJ3-CH5-JL49-XX09-00008,"SUCTION CATHETER WITH IDEAL TIP 10FR, BICAKCILAR/ROMSON",
Sharjah - Medcare Medical Centre,1-C-BJ3-CH5-JL49-XX09-00009,SUCTION CATHETER WITH IDEAL TIP 12FR #190 1251 1 BICAKCILAR,
Sharjah - Medcare Medical Centre,1-C-BJ3-CH5-JL49-XX09-00011,SUCTION CATHETER WITH IDEAL TIP 16FR #190 1651 1 BICAKCILAR,
Sharjah - Medcare Medical Centre,1-C-AF2-BL7-XX09-XX09-00007,MATERNITY PAD (RELAX MAXI) / 41266 CINDERELLA SANITARY NAPKIN 30S,
Sharjah - Medcare Medical Centre,1-C-AM2-CS2-XX09-XX09-00016,MEDICINE CUP 1OZ,
Sharjah - Medcare Medical Centre,1-H-BJ1-DR7-CW07-XX09-00001,"SURGICAL GOWN LARGE STANDARD #90012P, KIMBERLY/ SGRSL0131P MEDPLUS",
Sharjah - Medcare Medical Centre,1-F-BK8-XX-XX09-XX09-00942,KIDNEY TRAY PLASTIC DISPOSABLE KDMP700,
Sharjah - Medcare Medical Centre,1-F-AW5-AE8-DM50-XX09-00002,SKIN MARKER STANDARD TIP W/RULER & LABEL # DYNJSMO2 MEDLINE,
Sharjah - Medcare Medical Centre,1-A-DG18-DN-JM51-BK75-X-00001,LUBRICATING JELLY SACHET 3GM 144 PC/PACK E-Z #000303 CHESTER LABS,
Sharjah - Medcare Medical Centre,1-H-BJ5-DU8-AA15-XX09-00002,FACE MASK PARTICULATE RESPIRATOR N95 3M -1860 20/BOX,
Sharjah - Medcare Medical Centre,1-C-BJ2-BU4-AS54-XX09-00007,IV CANNULA 26 GA 0.6X 19MM VIOLET #391349 BD NEOFLON PRO #391379,
Sharjah - Medcare Medical Centre,1-C-BI5-XX-JX82-XX09-00003,UNDERCAST PAD 5CM X 2.7M #92840 L&R 96/BX / A3401060030 WERO SWISS,
Sharjah - Medcare Medical Centre,1-C-AZ6-XX-JX82-XX09-00001,UNDERCAST PAD 7.5CM X 2.7M #92841/34586 72/BX L&R/ A3401080030 WERO SWISS,
Sharjah - Medcare Medical Centre,1-C-BI5-XX-JX82-XX09-00001,UNDERCAST PAD 10CM X 2.7M #92842/34588 L&R 48/BX/ A3401100030 WERO SWISS,
Sharjah - Medcare Medical Centre,1-C-BI5-XX-JX82-XX09-00002,UNDERCAST PAD 15CM X 2.7M #92843 L&R/ A3401150030 WERO SWISS,
Sharjah - Medcare Medical Centre,1-C-AE8-BL1-XX09-XX09-00001,GAUZE SPONGE 2X2 8 PLY NON STERILE 100PCS/PK,
Sharjah - Medcare Medical Centre,1-B-AA1-AA1-AA01-XX09-02782,TEGADERM 6X7CM 1623W 3M TRANSPARENT DRESSING,
Sharjah - Medcare Medical Centre,1-C-BG2-DN7-DP53-XX09-00001,SYRINGE 50/60ML WITH CATHETER TIP MICROTECH 25/BOX,
Sharjah - Medcare Medical Centre,1-C-BI5-BJ7-JO02-XX09-00001,CONFORMING BANDAGE 10.0 CM X 4.5M UNI-BAND #1153 LONDON HEALTH CARE/ELOBAND,
Sharjah - Medcare Medical Centre,1-C-AM5-XX-FH20-XX09-00019,TRACHEOSTOMY TUBE HOLDER P-100/503/200,
Sharjah - Medcare Medical Centre,1-H-BI8-DQ7-XX09-XX09-00004,GLOVES GAMMEX SURGICAL P.FREE STERILE 7.5 #330048075,
Sharjah - Medcare Medical Centre,1-H-BI8-DQ7-XX09-XX09-00005,GLOVES GAMMEX SURGICAL P.FREE STERILE 8.0 #330048080,
Sharjah - Medcare Medical Centre,1-D-AA6-XX-DN22-XX09-00001,DEFIBRILLATOR RECORDER PAPER 50MMX 30M MEDTRON 11240-000013,
Sharjah - Medcare Medical Centre,1-C-BJ2-BU4-AS54-XX09-00005,IV CANNULA 22 GA - 0.8X25MM BLUE #391451 BD-VENFLON/ DELTA004 DELTAMED,
Sharjah - Medcare Medical Centre,1-C-BI4-BE6-XX09-XX09-00002,ECG THERMAL PAPER PHILIPS M3708A 100 PER PAD / 1709A 200 PER PAD,
Sharjah - Medcare Medical Centre,1-B-AA1-AA1-AA01-XX09-02778,PROBE COVER OTO SCOPE PEDIATRIC # 52432-U WELCHALLYN 850/PACK,
Sharjah - Medcare Medical Centre,1-B-AA1-AA1-AA01-XX09-02780,PROBE COVER OTO SCOPE ADULT # 52434-U WELCHALLYN 850/PACK,
Sharjah - Medcare Medical Centre,1-C-BI5-BJ7-BA31-XX09-00004,BAND AID STRIP BROPLAST 19 X 75MM BROSCO,
Sharjah - Medcare Medical Centre,1-C-BI6-BL8-AA15-XX09-00012,COLOR CASTING TAPE PURPLE 2IN X 5CM SCOTCHCAST PLUS #82002U 3M,
Sharjah - Medcare Medical Centre,1-C-BI6-BL8-AA15-XX09-00004,COLOR CASTING TAPE BLUE 3IN X 7.6CM SCOTCHCAST PLUS 82003B 3M,
Sharjah - Medcare Medical Centre,1-C-BI6-BL8-AA15-XX09-00013,COLOR CASTING TAPE PURPLE 3IN X 7.6CM SCOTCHCASTPLUS #82003U 3M,
Sharjah - Medcare Medical Centre,1-C-BI6-BL8-AA15-XX09-00010,COLOR CASTING TAPE PINK 3IN X 7.6CM SCOTCHCAST PLUS #82003X 3M,
Sharjah - Medcare Medical Centre,1-C-BH4-EE6-JM18-XX09-00001,SUTURE REMOVAL KIT #DYND70900 MEDLINE/ #718 BUSSE,
Sharjah - Medcare Medical Centre,1-C-AF2-BL7-XX09-XX09-00011,UNDER PAD SIZE: 60 X 90 BROMED PLUS/ VIVA PREMIUM/ BLUE LEAVES/ZENITH,
Sharjah - Medcare Medical Centre,1-C-AF2-BL7-XX09-XX09-00011,UNDER PAD SIZE: 60 X 90 BROMED PLUS/ VIVA PREMIUM/ BLUE LEAVES/ZENITH,
Sharjah - Medcare Medical Centre,1-F-AW5-AE8-XX09-XX09-00957,VAGINAL SPECULAM DISPOSABLE (LARGE),
Sharjah - Medcare Medical Centre,1-F-AW5-AE8-XX09-XX09-00958,VAGINAL SPECULAM DISPOSABLE (MEDIUM),
Sharjah - Medcare Medical Centre,1-F-AW5-AE8-XX09-XX09-00959,VAGINAL SPECULAM DISPOSABLE (SMALL),
Sharjah - Medcare Medical Centre,1-F-AF5-BP2-AQ50-XX09-00002,ELECTRODE FOR PHYSIOTHERAPY 4.5CM X 4.5CM SQUARE VL4545 AXELGAARD/BODYCLOCK,
Sharjah - Medcare Medical Centre,1-C-BI6-BM6-XX09-XX09-00001,"COTTON BALLS 100 X 1, 1 GM (200PCS)",
Sharjah - Medcare Medical Centre,1-C-BJ8-CW1-XX09-XX09-00001,DISPOSABLE PILLOW CASE 54X70CM NON WOVEN,
Sharjah - Medcare Medical Centre,1-C-BI5-BJ7-BA31-XX09-00005,BAND AID SPOT BROSPOT 22MM - BROSCO,
Sharjah - Medcare Medical Centre,1-C-BM2-XX-BA25-XX09-00004,STERILIZATION POUCH (XS) 57 X 100MM # SPXS BROMED,
Sharjah - Medcare Medical Centre,1-F-AV7-AD4-BA25-XX09-00001,STERILIZATION POUCH (L) 135 X 260 MM # SPL BROMED 200PCS/PACK,
Sharjah - Medcare Medical Centre,1-F-AV7-AD4-BA25-XX09-00004,STERILIZATION POUCH (M) 90 X 230 MM #SPM1 BROMED 200PCS/PACK,
Sharjah - Medcare Medical Centre,1-F-AV7-AD4-BA25-XX09-00003,STERILIZATION POUCH (XL2) 30X43 MM BROMED,
Sharjah - Medcare Medical Centre,1-F-AV7-AD4-BA25-XX09-00002,STERILIZATION POUCH (S) 90 X 135 MM # SPS BROMED,
Sharjah - Medcare Medical Centre,1-C-AM2-XX-XX09-XX09-00143,STOOL CONTAINER 60 ML MDIC,
Sharjah - Medcare Medical Centre,1-B-AA1-AA1-AA01-XX09-00294,SCOTCHCAST PLUS WHITE 3IN X 7.6CM #82003 3M CASTING TAPE,
Sharjah - Medcare Medical Centre,1-C-BI5-BJ7-JO02-XX09-00003,CONFORMING BANDAGE 5CM X 4.5M UNI-BAND #115 LONDON HEALTH CARE/ELOBAND,
Sharjah - Medcare Medical Centre,1-B-AA1-AA1-AA01-XX09-00289,SCOTCHCAST PLUS WHITE 2IN X 10.1CM #82002 3M CASTING TAPE,
Sharjah - Medcare Medical Centre,1-A-BH10-JB-JW14-XX09-X-00001,SRS HYALURONIDASE (5 VIALS /BOX),
Sharjah - Medcare Medical Centre,1-C-BB8-XX-XX09-XX09-00002,NEBULIZER MASK SET ADULT,
Sharjah - Medcare Medical Centre,1-C-BB8-XX-XX09-XX09-00003,NEBULIZER MASK SET CHILD,
Sharjah - Medcare Medical Centre,1-C-BJ3-CH5-JL49-XX09-00010,SUCTION CATHETER WITH IDEAL TIP 14FR ROMSON / BICAKCILAR,
Sharjah - Medcare Medical Centre,1-C-BC1-XX-XX09-XX09-00004,OXYGEN MASK WITH 2M TUBING ADULT,
Sharjah - Medcare Medical Centre,1-C-BC1-XX-XX09-XX09-00005,OXYGEN MASK WITH 2M TUBING PEDIA,
Sharjah - Medcare Medical Centre,1-C-AF2-BL6-AA15-XX09-00003,"SYNTHETIC CAST PADDING 5CM X 3.6M # CMW02, 20/PACK, 3M",
Sharjah - Medcare Medical Centre,1-C-AF2-BL6-AA15-XX09-00004,"SYNTHETIC CAST PADDING 7.5CM X 3.6M # CMW03, 20/PACK, 3M",
Sharjah - Medcare Medical Centre,1-C-AF2-BL6-AA15-XX09-00001,"SYNTHETIC CAST PADDING 10CM X 3.6M # CMW04, 20/PACK, 3M",
Sharjah - Medcare Medical Centre,1-C-AF2-BL6-AA15-XX09-00002,"SYNTHETIC CAST PADDING 15CM X 3.6M # CMW06, 20/PACK, 3M",
Sharjah - Medcare Medical Centre,1-F-AW1-XX-XX09-XX09-00028,"PADS DISPOSABLE P-711/511 FOR ADULT/PAED #H327/H329 FOR TEC-5521K/8352K, NK",
Sharjah - Medcare Medical Centre,1-A-BL44-XX-CB35-AV22-X-00009,RESTYLANE SKINBOOSTER VITAL LIDOCAINE 1ML,
Sharjah - Medcare Medical Centre,1-C-AN3-DA3-JU72-XX09-00001,"PRP KIT - RK-BCT-3 (3 TUBES/PKT) WITH ACCESSORY SET, REGEN LAB",
Sharjah - Medcare Medical Centre,1-C-AF5-BO2-DU14-XX09-00001,"SPECTRA 360 ELECTRODE GEL 8.5OZ (250G) TUBE, P/N : 016-401800, NATUS",
Sharjah - Medcare Medical Centre,1-K-BM3-XX-AD45-XX09-00001,"LIQUIBAND TOPICAL SKIN ADHESIVE 10/PK # OPT002, ADVANCE MEDICAL SOLUTIONS",
Sharjah - Medcare Medical Centre,1-C-AT4-XX-XX09-XX09-00011,HEADS FOR DERMA PEN ULTIMA A6,
Sharjah - Medcare Medical Centre,1-C-AF5-BP2-AZ46-XX09-00003,"DERMAL TIP ELECTRODE SHARP TIP NON-STERILE # A804, BOVIE",
Sharjah - Medcare Medical Centre,1-C-BJ7-CR7-CT83-XX09-00003,BIOPSY PUNCH DISPOSABLE 4.0MM #33-34 KAIMEDICLS,
Sharjah - Medcare Medical Centre,1-C-BM2-XX-GE43-XX09-00002,PROBE COVERS DISP THERMOSCAN # PRO 6000 REF# 06000-800 BRAUN WELCHALLYN,
Sharjah - Medcare Medical Centre,1-C-BJ2-BU4-XX09-XX09-00016,IV CANNULA 24 GA WITH WINGS 0.7X19MM YELLOW 381312 50/PK,
Sharjah - Medcare Medical Centre,1-I-P-A1FG-XX09-XX09-00001,"DERMAL TIP ELECTRODE SHARP TIP NON-STERILE # A806, BOVIE",
Sharjah - Medcare Medical Centre,1-F-AF5-BP2-XX09-XX09-00004,ELECTRODE ECG AMBU BLUE SENSOR R-00-S/25,
Sharjah - Medcare Medical Centre,1-C-BI5-BK5-ID76-XX09-00007,"HYDROFILM PLUS PAD 7.2X5CM 50/PK # 685771, PAUL HARTMAN-GERMANY",
Sharjah - Medcare Medical Centre,1-C-BI5-BK5-ID76-XX09-00002,"HYDROFILM PLUS PAD 10X9CM 50/PK # 685773, PAUL HARTMAN-GERMANY",
Sharjah - Medcare Medical Centre,1-C-BG2-DM6-XX09-XX09-00039,SYRINGE 1ML 26G HALF LSP MEDISOFT 100/PK,
Sharjah - Medcare Medical Centre,1-C-BG2-DM6-XX09-XX09-00045,SYRINGE 3ML 23G 1 ? MEDISOFT LL 100/PK,
Sharjah - Medcare Medical Centre,1-C-BG2-DM6-XX09-XX09-00052,SYRINGE 5ML 23G 1 HALF MEDISOFT LL 100/PK,
Sharjah - Medcare Medical Centre,1-C-BG2-DM6-XX09-XX09-00035,SYRINGE 10ML 21G 1 HALF MEDISOFT LL 50 PK,
Sharjah - Medcare Medical Centre,1-H-BJ5-DU8-DM80-XX09-00002,FACE MASK SURGICAL EARLOOP 3 PLY NATIONAL SUPER/HALLEY MED/F3EL0111 MEDPLUS,
Sharjah - Medcare Medical Centre,1-C-AZ6-XX-XX09-XX09-00304,MEDCARE PPE KIT-B (5 ITEMS / KIT),
Sharjah - Medcare Medical Centre,1-C-CY2-XX-AJ64-XX09-00001,SILICONE PUNCTUM PLUG SIZE : 0.5 MM PPLUG5 ANGIOTECH,
Sharjah - Medcare Medical Centre,1-C-DA5-XX-XX09-XX09-00001,FLOURESCEIN SODIUM OPTHALMIC STRIPS #I-DEW FLO 100/PK /BIO GLO 300/PK,
Sharjah - Medcare Medical Centre,1-C-BI4-BE6-FI35-XX09-00002,UPP -110HG THERMAL PAPER ROLL FOR ULTRASOUND SONY,
Sharjah - Medcare Medical Centre,1-B-BL8-EU3-BV10-XX09-00032,PROLENE 5-0 8681H/W8882T 45CM 3/8 CIRCLE 16MM 36/PACK ETHICON J & J,
Sharjah - Medcare Medical Centre,1-B-BL8-EU3-BV10-XX09-00025,PROLENE 3-0 W8770 75CM 1/2 CIRCLE 22MM 12/PACK ETHICON J & J,
Sharjah - Medcare Medical Centre,1-B-BH4-EE6-CT05-XX09-00091,COATED VICRYL RAPIDE 3-0 W9932 75CM 3/8 CIRCLE 26MM 12/PK ETHICON J & J,
Sharjah - Medcare Medical Centre,1-B-BH4-EE6-CT05-XX09-00091,COATED VICRYL RAPIDE 3-0 W9932 75CM 3/8 CIRCLE 26MM 12/PK ETHICON J & J,
Sharjah - Medcare Medical Centre,1-B-BH4-EE6-CT05-XX09-00054,COATED VICRYL 3-0 W9526T 75CM 3/8 CIRCLE 26MM ETHICON J & J,
Sharjah - Medcare Medical Centre,1-B-BL8-EU3-BV10-XX09-00027,PROLENE 4-0 W8015T 45CM 3/8 CIRCLE 19MM ETHICON J & J,
Sharjah - Medcare Medical Centre,1-A-DP18-XX-JN26-AN40-X-00001,DQ HAIR PLUS 10ML 5/PACK DERMAQUAL,
Sharjah - Medcare Medical Centre,1-H-BJ5-DU8-XX09-XX09-00018,KN 95 MASK FLAT FOLD TYPE RESPIRATOR #RKN9501,
Sharjah - Medcare Medical Centre,1-K-BV3-XX-XX09-XX09-00014,HYGIN WIPES UNIVERSAL WHITE,
Sharjah - Medcare Medical Centre,1-I-I-A1FK-XX09-XX09-00026,NURSES CAP BOUFFANT PLAVUS INDIA,
Sharjah - Medcare Medical Centre,1-C-AM2-CS2-JV22-XX09-00001,SHARP CONTAINER SHAPSTAR 5 QUARTS YELLOW SAFECARE,
Sharjah - Medcare Medical Centre,1-C-AZ6-XX-XX09-XX09-00472,VOMITTING BAG SAFECARE/ROC (20/PACK),
Sharjah - Medcare Medical Centre,1-C-AN3-XX-FQ78-XX09-00001,"BOWIE DICK AUTOCLAVE TEST PACK BD125X1 20/PK, # 11140-5 TERRAGENE,ARGENTINA",
Sharjah - Medcare Medical Centre,1-A-DS57-XX-XX09-CD10-X-00001,glycerol/propylene glycol/water - CLINIJEL 82G (CLIJEL),
Sharjah - Medcare Medical Centre,1-C-AY8-XX-XX09-XX09-00005,"BED SHEET ADULT SMS MATERIAL , BLUE #BSSMS09A 10/PK",
Sharjah - Medcare Medical Centre,1-A-DT04-DF-JU38-BL27-X-00001,SUNEKOS 200 INJ 3ML 4/PACK,
Sharjah - Medcare Medical Centre,1-C-BM2-XX-AA15-XX09-00002,STEAM CHEMICAL INTEGRATOR 3M STERIGAGE 1243A,
Sharjah - Medcare Medical Centre,1-C-BI2-XX-CG34-XX09-00149,SAFETY BLOOD COLLECTION SET +LUER ADAPTER 23GX3/4 30CM 50/PK 450096 GREINER,
Sharjah - Medcare Medical Centre,1-G-AB7-XX-FB52-XX09-00129,INFLUENZA AG A / B SD BIOSENSOR - 25 TEST WITH CONTROLS,
Sharjah - Medcare Medical Centre,1-C-CG3-XX-XX09-XX09-00056,CPR BAG (AMBU BAG) ADULT 24/PK LIL MEDICAL,
Sharjah - Medcare Medical Centre,1-C-AV7-XX-XX09-XX09-00002,STERILIZATION PEN BLACK,
Sharjah - Medcare Medical Centre,1-I-E-A1BC-XX09-XX09-03389,"ZEBRA Z-SELECT 2000T, LABEL ROLL 51X25MM 3007021-T",
Sharjah - Medcare Medical Centre,1-F-BF2-AH5-KR06-XX09-00003,SCALPEL BLADE WITH HANDLE #15 SAFECARE 10/BX,
Sharjah - Medcare Medical Centre,1-F-BF2-AH5-KR06-XX09-00002,SCALPEL BLADE WITH HANDLE #11 SAFECARE 10/BX,
Sharjah - Medcare Medical Centre,1-F-BF2-AH5-KR06-XX09-00001,SCALPEL BLADE WITH HANDLE #10 SAFECARE 10/BX,
Sharjah - Medcare Medical Centre,1-F-BF2-AH5-KR06-XX09-00001,SCALPEL BLADE WITH HANDLE #10 SAFECARE 10/BX,
Sharjah - Medcare Medical Centre,1-C-AF5-BO2-XX09-XX09-00001,ECG ELECTRODE ADULT DISPOSABLE 45MMX48MM TEAR DROP SHAPE #HS08 ARROW 50/PACK,
Sharjah - Medcare Medical Centre,1-C-AD5-XX-XX09-XX09-00030,ULTRASOUND GEL 260GM BOTTLE PUSH PULL CAP #AUG260 ARROW 25/BX,
Sharjah - Medcare Medical Centre,1-C-BJ2-BV3-GV69-XX09-00001,IV CANNULA 22G SFG-12039- MEDECO UAE,
Sharjah - Medcare Medical Centre,1-A-BB23-DF-DV18-AU68-X-00001,epinephrine - Adrenaline (Vasocon)1 mg/1 ml Injection Ampoule [Ampoule(1 ml)],
Sharjah - Medcare Medical Centre,1-C-BI5-BK4-BQ26-XX09-00002,STOCKINETTE TUBULAR PLAIN 20MTR 7.5 CM Dyna #4110 -Dyna/India,
Sharjah - Medcare Medical Centre,1-C-BI5-BK4-BQ26-XX09-00001,STOCKINETTE TUBULAR PLAIN 20MTR 5.0 CM Dyna #4110 -Dyna/India,
Sharjah - Medcare Medical Centre,1-G-BH6-XX-CG34-XX09-00003,"VACUETTE TUBE 1.5 ml 4NC ESR SODIUM CITRATE 3.2% 9x120 BLACK CAP 50PCS/PKT 729073 , GREINER BIO-ONE - AUSTRIA",
Sharjah - Medcare Medical Centre,1-C-BI5-BJ5-KX56-XX09-00007,ELASTIC CREPE BANDAGE 7.5CM X 4.5M? FLOW RAP PACKET VERNOLEX ELOCREPE-E (12PCS/PKT),
Sharjah - Medcare Medical Centre,1-C-BI5-BJ5-KX56-XX09-00003,ELASTIC CONFORMING BANDAGE 7.5CM X 4.5M?FLOWRAP PACKET VERNOLEX?ELOBAND(12PCS/PKT),
Sharjah - Medcare Medical Centre,1-C-BI5-BJ5-KX56-XX09-00002,ELASTIC CONFORMING BANDAGE 10.0 CM X 4.5M?FLOWRAP PACKET VERNOLEX?ELOBAND(12PCS/PKT),
Sharjah - Medcare Medical Centre,1-C-BI5-BJ5-KX56-XX09-00008,ELASTIC CREPE BANDAGE 5CM X 4.5M?FLOW RAP PACKET VERNOLEX ELOCREPE-E (12PCS/PKT),
Sharjah - Medcare Medical Centre,1-C-BI5-BJ5-KX56-XX09-00004,ELASTIC CONFORMING BANDAGE 5CM X 4.5M?FLOWRAP PACKET VERNOLEX?ELOBAND(12PCS/PKT),
Sharjah - Medcare Medical Centre,1-C-AZ8-XX-KX21-XX09-00001,HAND SOAP 1000ML BIOFRESH (12PCS/BOX) AUTOMATIC,
Sharjah - Medcare Medical Centre,1-C-BK1-DA8-KX21-XX09-00003,HAND SANITISER 1000ML BIOFRESH (12PCS/BOX) AUTOMATIC,
Sharjah - Medcare Medical Centre,1-C-CY6-XX-XX09-XX09-00004,Hydrafacial Tip Large - Green,
Sharjah - Medcare Medical Centre,1-C-CY6-XX-XX09-XX09-00002,Hydrafacial Tip Small - Green,
Sharjah - Medcare Medical Centre,1-H-BI8-DQ7-LO15-XX09-00001,Nitrile Gloves Examination Small?owder free A1 GLOBE (100/Box),
Sharjah - Medcare Medical Centre,1-H-BI8-DQ7-LO15-XX09-00002,Nitrile Gloves Examination Medium Powder free A1 GLOBE (100/Box),
Sharjah - Medcare Medical Centre,1-H-BI8-DQ7-LO15-XX09-00003,Nitrile Gloves Examination Large?owder free A1 GLOBE (100/Box),
Sharjah - Medcare Medical Centre,1-H-BI8-DQ3-LE03-XX09-00001,Medeco Nitrile Examination Gloves - Small #SFG-33010 (P/100) Top Gloves - Malaysia,
Sharjah - Medcare Medical Centre,1-H-BI8-DQ3-LE03-XX09-00001,Medeco Nitrile Examination Gloves - Small #SFG-33010 (P/100) Top Gloves - Malaysia,
,1-A-AN13-HL-GU64-AF50-X-00001,budesonide - Pulmicort Respules 0.5mg/ml Nebulizer Suspension [20 Nebule(2 ml)],
,1-A-AN13-HL-GU64-AD67-X-00001,budesonide - Pulmicort Respules 0.25mg/ml Nebulizer Suspension [20 Nebule(2 ml)],
,1-A-DQ56-DF-AG72-AJ75-X-00001,botulinum toxin type A - Botox 100 unit Injection Vial [Vial(1 vial (ea))],
,1-A-BL44-HC-GK46-AA35-X-00001,lidocaine - Xylocaine 10 % Pump Spray [Bottle(50 ml)],
,1-A-BL53-BO-GU64-AA28-X-00002,lidocaine/prilocaine - EMLA 5 % Cream [Tube(30 g)],
,1-A-DQ86-BV-GU68-CT18-X-00001,"cyclopentolate HCl/PF - Cyclopentolate 0.5 % (0.5 mL) Minims Preservative Free Eye Drops [Box(20 Dropperette, Single-Use Drop Dispenser)]",
,1-A-BS30-HK-CT46-AP24-X-00001,"paracetamol - Adol 125 mg Rectal Suppositories [Box(10 suppository, rectal)]",
,1-A-CJ78-BV-AF78-AA15-X-00001,proxymetacaine HCl - Alcaine 0.5 % Eye Drops [Bottle(15 ml)],
,1-A-AY31-HK-DZ21-AO32-X-00001,"diclofenac sodium - Voltaren 12.5 mg Suppositories [Box(10 suppository, rectal)]",
,1-A-AY31-HK-DZ21-BE05-X-00001,"diclofenac sodium - Voltaren 25 mg Suppositories [Blister Pack(10 suppository, rectal)]",
,1-A-CY88-HP-BY78-BA58-X-00001,hyaluronate sodium - Hyalgan 20 mg/2 mL Intra-Articular Syringe [Syringe(2 ml)],
,1-A-BE53-BO-DB45-AA23-X-00002,fusidic acid - Fucidin 2 % Cream [Tube(30 g)],
,1-A-BE55-BO-DB45-CU81-X-00002,fusidic acid/betamethasone valerate - Fucicort 2 %-0.1 % Cream [Tube(30 g)],
,1-A-BF47-HK-GV14-AG04-X-00001,"glycerol - Glycilax 0.75 gram Children Rectal Suppositories [Blister Pack(12 suppository, rectal)]",
,1-A-DP58-XX-CT46-AA13-X-00002,beta-sitosterol - Mebo 0.25 % Ointment [Tube(30 g)],
,1-A-BY27-DD-JP26-AA20-X-00001,0.9 % sodium chloride - Sodium Chloride 0.9 % Intravenous Infusion Bag [Bag(500 ml)],
,1-A-BH70-HL-DS78-AK78-X-00001,ibuprofen - Brufen 100 mg/5 mL Oral Suspension [Bottle(100 ml)],
,1-A-BI61-GY-AZ06-BD23-X-00001,ipratropium bromide - Atrovent UDV 250 mcg/2 mL Nebulizer Solution [20 Vial(2 ml)],
,1-A-AW74-DD-JP26-CW42-X-00001,Dextrose 5 % and 0.9 % Sodium Chloride IV Infusion Bottle [Bottle(500 ml)],
,1-A-AW74-DD-JP26-CW47-X-00002,dextrose 5 % in water - Dextrose 5 % IV Infusion Bottle [Bottle(500 ml)],
,1-A-BY32-DF-IB55-BS70-X-00001,"Ringer's solution,lactated - Lactated Ringers Intravenous Injection Bottle [Bottle(500 ml)]",
,1-A-CY28-GY-DS52-AA35-X-00001,povidone-iodine - Betadine 10 % Antiseptic Solution [Bottle(120 ml)],
,1-A-AE63-DF-EZ38-AR54-X-00001,amiodarone HCl - Cordarone 50 mg/mL (150 mg/3 mL) Intravenous Injection Ampoules [6 Ampoule(3 ml)],
,1-A-BG35-BO-BK17-AA14-X-00001,heparinoids - Hirudoid 0.3 % Cream [Tube(40 g)],
,1-A-AJ18-DF-DH57-AF84-X-00001,atropine sulfate - Atropine 0.6 mg/mL Injection Ampoules [10 Ampoule(1 ml)],
,1-A-AW74-DD-JP26-CG26-X-00001,dextrose 50 % in water - Dextrose 50 % Intravenous Infusion Bag [Bag(100 ml)],
,1-A-DT69-GY-AZ06-CW51-X-00001,ipratropium bromide/salbutamol sulfate - Combivent UDVs 500 mcg-2.5 mg/2.5 mL Nebulizer Solution [20 Vial(2.5 ml)],
,1-A-DQ11-HP-XX09-AI01-X-00001,RADIESSE 1.50CC,
,1-A-BB23-DF-DS78-CS74-X-00001,epinephrine - Epipen Jr. 0.15 mg/0.3 mL Intramuscular Auto-Injector [Pen(1 Auto-Injector (ea))],
,1-A-BY27-DF-XX09-AA20-X-00004,0.9 % sodium chloride - Sodium Chloride 0.9 % Injection Ampoules [50 Ampoule(10 ml)],
,1-A-DT56-EY-AI60-AA35-X-00002,Ichthammol 10 % Topical Ointment [Tube(25 g)],
,1-A-DS73-BO-AS86-BU18-X-00001,EUCERIN SUN CREME SPF 50+ 50ML,
,1-F-AL2-AB3-ET81-XX09-00001,"GLUCOMETER STRIPS ACCU CHEK 50 STRIPS/BOX, ROCHE",
,1-F-AL2-AB5-ET81-XX09-00002,"LANCETS THIN 28 GAUGE FOR GLUCOMETER ACCU CHEK 200PC/BOX, ROCHE",
,1-B-AA1-AA1-AA01-XX09-00035,"PERFORMA CONTROL SOLUTIONS, ROCHE",
,1-A-DR10-XX-JR40-AN40-X-00001,DEOXYCHOLIC 10ML -MCCM,
,1-A-DY30-XX-JR41-XX09-X-00001,TRANEXAMICUM 5X1500U.I. - MC COSMETICS NY (SPAIN),
,1-C-BI3-XX-FC56-XX09-00007,"lidocaine HCl/epinephrine bitartrate - Lignospan Special 2 %-1:80,000 Injection Cartridges [50 Cartridge(1.8 ml)]",
,1-A-AR54-XX-XX09-AA23-X-00002,CHLORHEXIDINE 2%,
,1-A-BF43-JB-JW14-BW01-X-00001,SRS GLUTATHIONE 5VIAL X 5ML,
,1-A-CI56-XX-FQ71-BG44-X-00005,TEOSYAL REDENSITY II (2X1ML),
,1-K-BM8-XX-JN28-XX09-00001,MELADEEP MASK 20GMS PROFESSIONAL,
,1-A-DT16-XX-JQ42-AV22-X-00004,JUVEDERM VYCROSS RANGE VOLIFT (2X1ML),
,1-A-DT16-XX-JQ42-AV22-X-00005,JUVEDERM VYCROSS RANGE VOLUMA (2X1ML),
,1-A-BY27-DD-XX09-AA20-X-00001,0.9 % sodium chloride - Sodium Chloride 0.9 % Intravenous Infusion Bag [Bag(100 ml)],
,1-A-BY27-DD-JX80-AA20-X-00001,0.9 % sodium chloride - Sodium Chloride 0.9 % Intravenous Infusion Bag [Bag(50 ml)],
,1-A-BY27-DD-XX09-AA20-X-00003,0.9 % sodium chloride - Sodium Chloride 0.9 % Intravenous Infusion Bag [Bag(250 ml)],
,1-A-BW26-GY-CD88-AW64-X-00002,salbutamol sulfate - Ventolin Nebules 2.5 mg/2.5 mL Nebulizer Solution [40 Ampoule(2.5 ml)],
,1-C-BG2-DM6-JU37-XX09-00001,PROFHILO 2ML PRE FILLED SYRINGE (PRODERMA),
,1-A-AY30-CP-CD88-CS43-X-00001,diclofenac diethylamine - Voltaren Emulgel Forte 2.32 % Topical Gel [Tube(100 g)],
,1-A-AO45-HP-AP25-AA35-X-00001,Calcium Chloride 10 % Pre-Filled Syringe [Syringe(10 ml)],
,1-A-DT04-DF-JU38-BL27-X-00002,SUNEKOS 1200 INJ 3ML 2/PACK,
,1-A-BN04-DF-XX09-CO56-X-00001,Magnesium Sulfate 2 mmol/mL (50 %) Concentrate Injection Ampoules [10 Ampoule(10 ml)],
,1-K-BM8-XX-KH82-XX09-00002,EXOSCRT SCALP CARE,
,1-A-BB23-DF-DV18-AU68-X-00001,epinephrine - Adrenaline (Vasocon)1 mg/1 ml Injection Ampoule [Ampoule(1 ml)],
,1-A-CA78-JB-DZ34-BN74-X-00001,triamcinolone acetonide - Trilac 40 mg/1 ml Injection Vial [vial(1 ml)],
,1-A-CI82-AB-JP26-BA83-M-00001,lidocaine HCl - Lidocaine HCL 2% W/V Single Dose (20mg/ml) (GULF INJECT) Injection Ampoules [Ampoule(10 ml)],
,1-A-BH70-HK-LE55-CB40-X-00001,"ibuprofen - Iburon 75 mg Rectal Suppositories [Blister Pack(10 suppository, rectal)]",
,1-A-BH70-HK-LE55-AR35-X-00001,"ibuprofen - Iburon 150 mg Rectal Suppositories [Blister Pack(10 suppository, rectal)]",
,1-I-O-A1GJ-XX09-XX09-00004,EXOSOMES FOR SKIN 5PAIRS/BOX (EACH BOX CONTAINS 2 PAIRS OF VIAL) SRLV-S AS,
,1-A-EN18-GY-LF88-XX09-X-00001,alpha hydroxy a/AHA/oleanolic a/beta hydroxy a/BHA/salicylic a - Aqua PE Solution [Bottle(30 ml)],
,1-A-EN20-GY-LF88-XX09-X-00001,alpha hydroxy a(AHA)  - Facial Solution PS1 [Bottle(500 ml)],
,1-A-EN21-GY-LF88-XX09-X-00001,beta hydroxy a(BHA)  - Facial Solution PS2 [Bottle(500 ml)],
,1-A-EN25-BO-LF88-AU33-X-00001,allantoin/sinensis leaf xt/rosa flower xt/hamamelis - Hydro Queen Cream [Jar(1000 g)],
